"Kartoffeln mit Senfsauce und Ei",150,"g","Kartoffeln"
"Kartoffeln mit Senfsauce und Ei","1,5",,"Ei"
"Kartoffeln mit Senfsauce und Ei",50,"g","Butter"
"Kartoffeln mit Senfsauce und Ei",25,"g","Mehl"
"Kartoffeln mit Senfsauce und Ei",5,"g","Salz"
"Kartoffeln mit Senfsauce und Ei",5,"g","Zucker"
"Kartoffeln mit Senfsauce und Ei",5,"g","Piment"
"Kartoffeln mit Senfsauce und Ei",2,,"Lorbeerblatt"
"Kartoffeln mit Senfsauce und Ei",5,"g","Pfeffer"
"Kartoffeln mit Senfsauce und Ei",20,"g","Senf"
"Kartoffeln mit Senfsauce und Ei","0,13","l","Milch"
"Pfannkuchen mit Apfelmus",125,"g","Mehl"
"Pfannkuchen mit Apfelmus","0,13","l","Milch"
"Pfannkuchen mit Apfelmus","1,5",,"Ei"
"Pfannkuchen mit Apfelmus",25,"g","Backpulver"
"Pfannkuchen mit Apfelmus",25,"g","Vanillinzucker"
"Pfannkuchen mit Apfelmus",50,"g","Zucker"
"Pfannkuchen mit Apfelmus",5,"g","Salz"
"Pfannkuchen mit Apfelmus",200,"g","Apfelmus"
"Pfannkuchen mit Kirschen",125,"g","Mehl"
"Pfannkuchen mit Kirschen","0,13","l","Milch"
"Pfannkuchen mit Kirschen","1,5",,"Ei"
"Pfannkuchen mit Kirschen",25,"g","Backpulver"
"Pfannkuchen mit Kirschen",25,"g","Vanillinzucker"
"Pfannkuchen mit Kirschen",50,"g","Zucker"
"Pfannkuchen mit Kirschen",5,"g","Salz"
"Pfannkuchen mit Kirschen",200,"g","Kirschen"
"Pizza Hawaii",1,,"Pizzateig vorgebacken"
"Pizza Hawaii",100,"g","Analogkaese"
"Pizza Hawaii",5,"g","Italienische Gewuerzmischung"
"Pizza Hawaii",100,"g","Passierte Tomaten"
"Pizza Hawaii",5,"g","Salz"
"Pizza Hawaii",100,"g","Dosenananas"
"Pizza Hawaii",100,"g","Kochschinken"
"Pizza Ruhrgebiet",1,,"Pizzateig vorgebacken"
"Pizza Ruhrgebiet",100,"g","Analogkaese"
"Pizza Ruhrgebiet",5,"g","Currypulver"
"Pizza Ruhrgebiet",100,"g","Passierte Tomaten"
"Pizza Ruhrgebiet",5,"g","Salz"
"Pizza Ruhrgebiet",200,"g","Currywurst"
"Pizza Ruhrgebiet",20,"g","Pflanzenoel"
"Chili con carne","0,3",,"Zwiebel"
"Chili con carne","0,3",,"Paprika"
"Chili con carne",5,"g","Knoblauchpulver"
"Chili con carne",5,"g","Mononatriumglutamat"
"Chili con carne",160,"g","Rinderhack"
"Chili con carne","1,5",,"Tomaten"
"Chili con carne",100,"g","Kidneybohnen"
"Chili con carne",100,"g","Dosenmais"
"Chili con carne",5,"g","Tomatenmark"
"Chili con carne",5,"g","Chilipulver"
"Chili con carne",5,"g","Pfeffer"
"Chili con carne",5,"g","Salz"
"Chili con carne",5,"g","Zucker"
"Chili con carne",10,"g","Pflanzenoel"
"Chickenburger",150,"g","Haehnchenbrustfilet"
"Chickenburger",5,"g","Salz"
"Chickenburger",5,"g","Pfeffer"
"Chickenburger",1,,"Burgerbroetchen"
"Chickenburger",50,"g","Kopfsalat"
"Chickenburger",1,,"Tomaten"
"Chickenburger",10,"g","Remoulade"
"Cheeseburger",150,"g","Hackfleisch halb und halb"
"Cheeseburger",5,"g","Salz"
"Cheeseburger",5,"g","Pfeffer"
"Cheeseburger",1,,"Burgerbroetchen"
"Cheeseburger",50,"g","Kopfsalat"
"Cheeseburger",1,,"Tomaten"
"Cheeseburger",10,"g","Gouda"
"Cheeseburger",50,"g","Ketchup"
"Cheeseburger",20,"g","Senf"
"Fischburger",150,"g","Fischreste gepresst"
"Fischburger",5,"g","Salz"
"Fischburger",5,"g","Pfeffer"
"Fischburger",1,,"Burgerbroetchen"
"Fischburger",50,"g","Kopfsalat"
"Fischburger",1,,"Tomaten"
"Fischburger",10,"g","Remoulade"
"Wurst im Teigmantel",50,"g","Blaetterteig"
"Wurst im Teigmantel",30,"g","Leberwurst"
"Wurst im Teigmantel",10,"g","Gouda"
"Wurst im Teigmantel",100,"g","Bratwurst"
"Wurst im Teigmantel",1,,"Ei"
"Bunte Gemuese-Nudelpfanne",100,"g","Zucchini"
"Bunte Gemuese-Nudelpfanne",1,,"Paprika"
"Bunte Gemuese-Nudelpfanne",10,"g","Pflanzenoel"
"Bunte Gemuese-Nudelpfanne",5,"g","Salz"
"Bunte Gemuese-Nudelpfanne",5,"g","Pfeffer"
"Bunte Gemuese-Nudelpfanne",5,"g","Thymian"
"Bunte Gemuese-Nudelpfanne",85,"g","Penne"
"Gurken-Schinken-Salat","0,5",,"Salatgurke"
"Gurken-Schinken-Salat",50,"g","Kopfsalat"
"Gurken-Schinken-Salat",100,"g","Kochschinken"
"Gurken-Schinken-Salat",100,"g","Dosenmais"
"Gurken-Schinken-Salat",50,"g","Salatsauce"
"Gurken-Schinken-Salat",20,"g","Pflanzenoel"
"Gurken-Schinken-Salat",100,"g","Toastbrot"
"Risotto Tonno",20,"g","Pflanzenoel"
"Risotto Tonno",1,,"Zwiebel"
"Risotto Tonno",100,"g","Reis"
"Risotto Tonno",10,"g","Fleischbruehe"
"Risotto Tonno",5,"g","Salz"
"Risotto Tonno",5,"g","Pfeffer"
"Risotto Tonno",2,,"Tomaten"
"Risotto Tonno",100,"g","Erbsen"
"Risotto Tonno",200,"g","Dosenthunfisch"
"Pfannkuchen mit Pilzen",125,"g","Mehl"
"Pfannkuchen mit Pilzen","0,13","l","Milch"
"Pfannkuchen mit Pilzen","1,5",,"Ei"
"Pfannkuchen mit Pilzen",25,"g","Backpulver"
"Pfannkuchen mit Pilzen",25,"g","Salz"
"Pfannkuchen mit Pilzen",5,"g","Zucker"
"Pfannkuchen mit Pilzen",20,"g","Creme Fraiche mit Kraeutern"
"Pfannkuchen mit Pilzen",200,"g","Dosenchampignons 3. Wahl"
"Seelachs mit Kartoffelsalat",200,"g","Kartoffeln"
"Seelachs mit Kartoffelsalat",15,"g","Petersilie"
"Seelachs mit Kartoffelsalat",1,,"Zwiebel"
"Seelachs mit Kartoffelsalat",20,"g","Semmelbroesel"
"Seelachs mit Kartoffelsalat",20,"g","Mehl"
"Seelachs mit Kartoffelsalat",1,,"Ei"
"Seelachs mit Kartoffelsalat",5,"g","Salz"
"Seelachs mit Kartoffelsalat",5,"g","Pfeffer"
"Seelachs mit Kartoffelsalat","0,5",,"Zitrone"
"Fleischtopf a la Gourmand",150,"g","Speck"
"Fleischtopf a la Gourmand",100,"g","Rinderhuefte"
"Fleischtopf a la Gourmand",100,"g","Schweinebauch"
"Fleischtopf a la Gourmand",60,"g","Hackfleisch halb und halb"
"Fleischtopf a la Gourmand",10,"g","Mononatriumglutamat"
"Fleischtopf a la Gourmand","0,5","l","Belgisches Kirschbier"
"Fleischtopf a la Gourmand",5,"g","Salz"
"Fleischtopf a la Gourmand",5,"g","Pfeffer"
"Fleischtopf a la Gourmand",30,"g","Lauch"
"Fleischtopf a la Gourmand",100,"g","Kartoffeln"
"Fleischtopf a la Gourmand",60,"g","Dosenchampignons 3. Wahl"
"Fleischtopf a la Gourmand",10,"g","Mehl"
"Fleischtopf a la Gourmand",50,"g","Butter"
"Omelette mit Kartoffeln",2,,"Ei"
"Omelette mit Kartoffeln","0,5",,"Zwiebel"
"Omelette mit Kartoffeln",5,"g","Salz"
"Omelette mit Kartoffeln","0,5",,"Zwiebel"
"Omelette mit Kartoffeln",10,"g","Petersilie"
"Omelette mit Kartoffeln",200,"g","Kartoffeln"
"Omelette mit Kartoffeln",15,"g","Pflanzenoel"
"Birnenmilchreis","0,25","l","Milch"
"Birnenmilchreis",60,"g","Zucker"
"Birnenmilchreis",5,"g","Salz"
"Birnenmilchreis",25,"g","Vanillinzucker"
"Birnenmilchreis",125,"g","Rundkornreis"
"Birnenmilchreis",350,"g","Birnen"
"Birnenmilchreis",10,"g","Zimt"
"Schwaebische Maultaschen",1,,"Convenience Maultaschen"
"Schwaebische Maultaschen",20,"g","Pflanzenoel"
"Schwaebische Maultaschen",15,"g","Schnittlauch"
"Schwaebische Maultaschen",15,"g","Grundsauce Hell"
"Knoedel mit Pilzen",1,,"Convenience Knoedel"
"Knoedel mit Pilzen",80,"g","Dosenchampignons 3. Wahl"
"Knoedel mit Pilzen",10,"g","Butter"
"Knoedel mit Pilzen",150,"g","Sahne"
"Knoedel mit Pilzen",1,,"Zwiebel"
"Knoedel mit Pilzen",50,"g","Speck"
"Knoedel mit Pilzen",5,"g","Salz"
"Knoedel mit Pilzen",5,"g","Pfeffer"
"Knoedel mit Pilzen","0,1","l","Weissweinverschnitt"
"Kaesespaetzle",125,"g","Spaetzle"
"Kaesespaetzle",20,"g","Pflanzenoel"
"Kaesespaetzle",1,,"Zwiebel"
"Kaesespaetzle",100,"g","Emmentaler"
"Kaesespaetzle",5,"g","Salz"
"Kaesespaetzle",5,"g","Pfeffer"
"Penne Arrabiata mit Speck",125,"g","Penne"
"Penne Arrabiata mit Speck",1,,"Tomaten"
"Penne Arrabiata mit Speck",20,"g","Knoblauchpulver"
"Penne Arrabiata mit Speck",15,"g","Olivenoel"
"Penne Arrabiata mit Speck",15,"g","Chilipulver"
"Penne Arrabiata mit Speck",50,"g","Speck"
"Penne Arrabiata Vegetarisch",125,"g","Penne"
"Penne Arrabiata Vegetarisch",1,,"Tomaten"
"Penne Arrabiata Vegetarisch",20,"g","Knoblauchpulver"
"Penne Arrabiata Vegetarisch",15,"g","Olivenoel"
"Penne Arrabiata Vegetarisch",15,"g","Chilipulver"
"Kaiserschmarrn",125,"g","Mehl"
"Kaiserschmarrn","0,13","l","Milch"
"Kaiserschmarrn","1,5",,"Ei"
"Kaiserschmarrn",25,"g","Backpulver"
"Kaiserschmarrn",25,"g","Vanillinzucker"
"Kaiserschmarrn",50,"g","Zucker"
"Kaiserschmarrn",5,"g","Salz"
"Kaiserschmarrn",100,"g","Apfelmus"
"Kaiserschmarrn",80,"g","Rosinen"
"Kaiserschmarrn",20,"g","Butter"
"Kaiserschmarrn",10,"g","Puderzucker"
"Gnocchipfanne",180,"g","Gnocchi"
"Gnocchipfanne",25,"g","Butter"
"Gnocchipfanne",100,"g","Buttergemuese TK"
"Gnocchipfanne",15,"g","Basilikum"
"Gnocchipfanne",15,"g","Oregano"
"Gnocchipfanne",10,"g","Muskat"
"Gnocchipfanne",50,"g","Sahne"
"Gnocchipfanne",50,"g","Emmentaler"
"Gnocchipfanne",100,"g","Zucchini"
"Gnocchipfanne",5,"g","Salz"
"Truthahn mit Blumenkohl",150,"g","Blumenkohl"
"Truthahn mit Blumenkohl",100,"g","Karotten"
"Truthahn mit Blumenkohl",150,"g","Truthahnfilet"
"Truthahn mit Blumenkohl",15,"g","Pflanzenoel"
"Truthahn mit Blumenkohl",15,"g","Basilikum"
"Truthahn mit Blumenkohl",5,"g","Salz"
"Truthahn mit Blumenkohl",5,"g","Pfeffer"
"Schweinegeschnetzeltes mit Kartoffelpuffer",150,"g","Schweinefilet"
"Schweinegeschnetzeltes mit Kartoffelpuffer",150,"g","Kartoffeln"
"Schweinegeschnetzeltes mit Kartoffelpuffer",1,,"Ei"
"Schweinegeschnetzeltes mit Kartoffelpuffer","0,1","l","Milch"
"Schweinegeschnetzeltes mit Kartoffelpuffer",5,"g","Salz"
"Schweinegeschnetzeltes mit Kartoffelpuffer",5,"g","Pfeffer"
"Schweinegeschnetzeltes mit Kartoffelpuffer",5,"g","Muskat"
"Schweinegeschnetzeltes mit Kartoffelpuffer",30,"g","Butter"
"Schweinegeschnetzeltes mit Kartoffelpuffer",15,"g","Mehl"
"Schweinegeschnetzeltes mit Kartoffelpuffer",1,,"Zwiebel"
"Schweinegeschnetzeltes mit Kartoffelpuffer",10,"g","Mononatriumglutamat"
"Schweinegeschnetzeltes mit Kartoffelpuffer",15,"g","Pflanzenoel"
"Schweinegeschnetzeltes mit Kartoffelpuffer",15,"g","Petersilie"
"Schweinegeschnetzeltes mit Kartoffelpuffer","0,1","l","Weissweinverschnitt"
"Rindergeschnetzeltes mit Reis",150,"g","Rindfleisch"
"Rindergeschnetzeltes mit Reis",150,"g","Reis"
"Rindergeschnetzeltes mit Reis",1,,"Ei"
"Rindergeschnetzeltes mit Reis","0,1","l","Milch"
"Rindergeschnetzeltes mit Reis",5,"g","Salz"
"Rindergeschnetzeltes mit Reis",5,"g","Pfeffer"
"Rindergeschnetzeltes mit Reis",5,"g","Muskat"
"Rindergeschnetzeltes mit Reis",30,"g","Butter"
"Rindergeschnetzeltes mit Reis",15,"g","Mehl"
"Rindergeschnetzeltes mit Reis",1,,"Zwiebel"
"Rindergeschnetzeltes mit Reis",10,"g","Mononatriumglutamat"
"Rindergeschnetzeltes mit Reis",15,"g","Pflanzenoel"
"Rindergeschnetzeltes mit Reis",15,"g","Petersilie"
"Rindergeschnetzeltes mit Reis","0,1","l","Weissweinverschnitt"
"Asiatisches Schweinegeschnetzeltes",150,"g","Schweinefilet"
"Asiatisches Schweinegeschnetzeltes",150,"g","Basmatireis"
"Asiatisches Schweinegeschnetzeltes","0,1","l","Kokosmilch"
"Asiatisches Schweinegeschnetzeltes",15,"g","Kurkuma"
"Asiatisches Schweinegeschnetzeltes",5,"g","Salz"
"Asiatisches Schweinegeschnetzeltes",5,"g","Pfeffer"
"Asiatisches Schweinegeschnetzeltes",15,"g","Lauch"
"Asiatisches Schweinegeschnetzeltes",30,"g","Butter"
"Asiatisches Schweinegeschnetzeltes",15,"g","Mehl"
"Asiatisches Schweinegeschnetzeltes",1,,"Zwiebel"
"Asiatisches Schweinegeschnetzeltes",20,"g","Mononatriumglutamat"
"Asiatisches Schweinegeschnetzeltes",15,"g","Pflanzenoel"
"Asiatisches Schweinegeschnetzeltes",15,"g","Currypulver"
"Asiatisches Schweinegeschnetzeltes",5,"g","Chilipulver"
"Asiatisches Schweinegeschnetzeltes",40,"g","Sojasprossen"
"Tofugeschnetzeltes Asiatisch",150,"g","Raeuchertofu"
"Tofugeschnetzeltes Asiatisch",150,"g","Basmatireis"
"Tofugeschnetzeltes Asiatisch","0,1","l","Kokosmilch"
"Tofugeschnetzeltes Asiatisch",15,"g","Kurkuma"
"Tofugeschnetzeltes Asiatisch",5,"g","Salz"
"Tofugeschnetzeltes Asiatisch",5,"g","Pfeffer"
"Tofugeschnetzeltes Asiatisch",15,"g","Lauch"
"Tofugeschnetzeltes Asiatisch",30,"g","Butter"
"Tofugeschnetzeltes Asiatisch",15,"g","Mehl"
"Tofugeschnetzeltes Asiatisch",1,,"Zwiebel"
"Tofugeschnetzeltes Asiatisch",20,"g","Mononatriumglutamat"
"Tofugeschnetzeltes Asiatisch",15,"g","Pflanzenoel"
"Tofugeschnetzeltes Asiatisch",15,"g","Currypulver"
"Tofugeschnetzeltes Asiatisch",5,"g","Chilipulver"
"Tofugeschnetzeltes Asiatisch",40,"g","Sojasprossen"
"Gemuesetopf Bombay",100,"g","Zucchini"
"Gemuesetopf Bombay",1,,"Paprika"
"Gemuesetopf Bombay",100,"g","Karotten"
"Gemuesetopf Bombay",50,"g","Lauch"
"Gemuesetopf Bombay",15,"g","Gemuesebruehe"
"Gemuesetopf Bombay",15,"g","Currypulver"
"Gemuesetopf Bombay",15,"g","Chilipulver"
"Gemuesetopf Bombay",10,"g","Butter"
"Gemuesetopf Bombay",5,"g","Salz"
"Gemuesetopf Bombay",5,"g","Pfeffer"
"Gemuesetopf Bombay",5,"g","Mononatriumglutamat"
"Belgische Pommes Rot-Weiss",220,"g","Pommes Frites TK"
"Belgische Pommes Rot-Weiss",80,"g","Mayonnaise"
"Belgische Pommes Rot-Weiss",80,"g","Ketchup"
"Belgische Pommes Rot-Weiss",10,"g","Salz"
"Belgische Pommes Rot-Weiss",100,"g","Pflanzenoel"
"Veggiburger",1,,"Gemuesebratling"
"Veggiburger",5,"g","Salz"
"Veggiburger",5,"g","Pfeffer"
"Veggiburger",1,,"Burgerbroetchen"
"Veggiburger",50,"g","Kopfsalat"
"Veggiburger",1,,"Tomaten"
"Veggiburger",10,"g","Remoulade"
"Gemuesebratling mit Curryreis",1,,"Gemuesebratling"
"Gemuesebratling mit Curryreis",5,"g","Salz"
"Gemuesebratling mit Curryreis",150,"g","Reis"
"Gemuesebratling mit Curryreis",10,"g","Ketchup"
"Gemuesebratling mit Curryreis",15,"g","Currypulver"
"Gemuesebratling mit Curryreis",5,"g","Pfeffer"
"Gemuesebratling mit Curryreis",10,"g","Gemuesebruehe"
"Gemuesebratling mit Curryreis",5,"g","Ingwer"
"Gemuesebratling mit Curryreis",10,"g","Pflanzenoel"
"Gyros mit Pommes",150,"g","Gyrosfleisch Vorgewuerzt"
"Gyros mit Pommes",100,"g","Zaziki"
"Gyros mit Pommes",150,"g","Pommes Frites TK"
"Gyros mit Pommes",10,"g","Salz"
"Sojagyros mit Pommes",150,"g","Soja-Gyros"
"Sojagyros mit Pommes",100,"g","Zaziki"
"Sojagyros mit Pommes",150,"g","Pommes Frites TK"
"Sojagyros mit Pommes",10,"g","Salz"
"Sojagyros mit Pommes",10,"g","Gyrosgewuerz"
"Kuerbissuppe mit Feta",300,"g","Hokkaido-Kuerbis"
"Kuerbissuppe mit Feta",100,"g","Karotten"
"Kuerbissuppe mit Feta",1,,"Paprika"
"Kuerbissuppe mit Feta",15,"g","Chilipulver"
"Kuerbissuppe mit Feta",15,"g","Currypulver"
"Kuerbissuppe mit Feta",5,"g","Gemuesebruehe"
"Kuerbissuppe mit Feta",5,"g","Ingwer"
"Kuerbissuppe mit Feta","0,1","l","Kokosmilch"
"Kuerbissuppe mit Feta",100,"g","Feta"
"Kuerbissuppe mit Feta",100,"g","Toastbrot"
"Kuerbissuppe mit Haehnchen",300,"g","Hokkaido-Kuerbis"
"Kuerbissuppe mit Haehnchen",100,"g","Karotten"
"Kuerbissuppe mit Haehnchen",1,,"Paprika"
"Kuerbissuppe mit Haehnchen",15,"g","Chilipulver"
"Kuerbissuppe mit Haehnchen",15,"g","Currypulver"
"Kuerbissuppe mit Haehnchen",5,"g","Gemuesebruehe"
"Kuerbissuppe mit Haehnchen",5,"g","Ingwer"
"Kuerbissuppe mit Haehnchen","0,1","l","Kokosmilch"
"Kuerbissuppe mit Haehnchen",100,"g","Haehnchenbrustfilet"
"Kuerbissuppe mit Haehnchen",100,"g","Toastbrot"
"Tomatensuppe mit Bratwurstbaellchen",200,"g","Passierte Tomaten"
"Tomatensuppe mit Bratwurstbaellchen",100,"g","Lauch"
"Tomatensuppe mit Bratwurstbaellchen",15,"g","Gemuesebruehe"
"Tomatensuppe mit Bratwurstbaellchen",200,"g","Bratwurst"
"Tomatensuppe mit Bratwurstbaellchen",100,"g","Reis"
"Tomatensuppe mit Bratwurstbaellchen",1,,"Zwiebel"
"Tomatensuppe mit Bratwurstbaellchen",15,"g","Pflanzenoel"
"Tomatensuppe mit Bratwurstbaellchen",1,,"Paprika"
"Tomatensuppe mit Bratwurstbaellchen",20,"g","Creme Fraiche mit Kraeutern"
"Nasi-Goreng nach Art des Hauses",1,,"Nasi-Goreng Convenience"
"Nasi-Goreng nach Art des Hauses",1,,"Banane"
"Nasi-Goreng nach Art des Hauses",1,,"Ei"
"Nasi-Goreng nach Art des Hauses",15,"g","Semmelbroesel"
"Nasi-Goreng nach Art des Hauses",100,"g","Birnen"
"Nasi-Goreng nach Art des Hauses",100,"g","Karotten"
"Nasi-Goreng nach Art des Hauses",15,"g","Salz"
"Nasi-Goreng nach Art des Hauses",15,"g","Pflanzenoel"
"Wildlachs mit Kartoffelpueree",200,"g","Wildlachs"
"Wildlachs mit Kartoffelpueree",200,"g","Kartoffeln"
"Wildlachs mit Kartoffelpueree","0,1","l","Milch"
"Wildlachs mit Kartoffelpueree",20,"g","Butter"
"Wildlachs mit Kartoffelpueree",5,"g","Muskat"
"Wildlachs mit Kartoffelpueree",10,"g","Salz"
"Wildlachs mit Kartoffelpueree",100,"g","Sahne"
"Wildlachs mit Kartoffelpueree",1,,"Zitrone"
"Wildlachs mit Kartoffelpueree",1,,"Zwiebel"
"Wildlachs mit Kartoffelpueree",15,"g","Dill"
"Wildlachs mit Kartoffelpueree",5,"g","Pfeffer"
"Pangasiusfilet mit Kartoffelstampf",200,"g","Pangasius"
"Pangasiusfilet mit Kartoffelstampf",200,"g","Kartoffeln"
"Pangasiusfilet mit Kartoffelstampf","0,1","l","Milch"
"Pangasiusfilet mit Kartoffelstampf",20,"g","Butter"
"Pangasiusfilet mit Kartoffelstampf",5,"g","Muskat"
"Pangasiusfilet mit Kartoffelstampf",10,"g","Salz"
"Pangasiusfilet mit Kartoffelstampf",100,"g","Sahne"
"Pangasiusfilet mit Kartoffelstampf",1,,"Zitrone"
"Pangasiusfilet mit Kartoffelstampf",1,,"Zwiebel"
"Pangasiusfilet mit Kartoffelstampf",15,"g","Dill"
"Pangasiusfilet mit Kartoffelstampf",5,"g","Pfeffer"
"Truthahn in Estragonsauce mit Reis",200,"g","Truthahnfilet"
"Truthahn in Estragonsauce mit Reis",10,"g","Pflanzenoel"
"Truthahn in Estragonsauce mit Reis",10,"g","Butter"
"Truthahn in Estragonsauce mit Reis",5,"g","Salz"
"Truthahn in Estragonsauce mit Reis",5,"g","Pfeffer"
"Truthahn in Estragonsauce mit Reis","0,1","l","Weissweinverschnitt"
"Truthahn in Estragonsauce mit Reis",200,"g","Sahne"
"Truthahn in Estragonsauce mit Reis",5,"g","Zucker"
"Truthahn in Estragonsauce mit Reis",3,"g","Knoblauchpulver"
"Truthahn in Estragonsauce mit Reis",5,"g","Estragon"
"Truthahn in Estragonsauce mit Reis",100,"g","Reis"
"Gefuellte Paprika",2,,"Paprika"
"Gefuellte Paprika",100,"g","Reis"
"Gefuellte Paprika",1,,"Zwiebel"
"Gefuellte Paprika",100,"g","Dosenmais"
"Gefuellte Paprika",5,"g","Gemuesebruehe"
"Gefuellte Paprika",5,"g","Chilipulver"
"Gefuellte Paprika",10,"g","Tomatenmark"
"Gefuellte Paprika",50,"g","Sahne"
"Gefuellte Paprika",10,"g","Mehl"
"Italienische Gemuesepfanne mit Haehnchen",200,"g","Haehnchenbrustfilet"
"Italienische Gemuesepfanne mit Haehnchen",15,"g","Pflanzenoel"
"Italienische Gemuesepfanne mit Haehnchen",5,"g","Salz"
"Italienische Gemuesepfanne mit Haehnchen",5,"g","Pfeffer"
"Italienische Gemuesepfanne mit Haehnchen",5,"g","Muskat"
"Italienische Gemuesepfanne mit Haehnchen",150,"g","Zucchini"
"Italienische Gemuesepfanne mit Haehnchen",1,,"Paprika"
"Italienische Gemuesepfanne mit Haehnchen",1,,"Tomaten"
"Italienische Gemuesepfanne mit Haehnchen",5,"g","Oregano"
"Italienische Gemuesepfanne mit Haehnchen",5,"g","Basilikum"
"Italienische Gemuesepfanne mit Haehnchen",5,"g","Thymian"
"Italienische Gemuesepfanne mit Haehnchen",10,"g","Gemuesebruehe"
"Italienische Gemuesepfanne mit Haehnchen",5,"g","Petersilie"
"Zucchinisuppe",400,"g","Zucchini"
"Zucchinisuppe",10,"g","Gemuesebruehe"
"Zucchinisuppe","0,12","l","Milch"
"Zucchinisuppe",150,"g","Sahne"
"Zucchinisuppe",200,"g","Toastbrot"
"Elcheintopf",250,"g","Elchfleisch"
"Elcheintopf",50,"g","Butter"
"Elcheintopf",1,,"Zwiebel"
"Elcheintopf",1,,"Paprika"
"Elcheintopf",15,"g","Knoblauchpulver"
"Elcheintopf",10,"g","Chilipulver"
"Elcheintopf",5,"g","Oregano"
"Elcheintopf",5,"g","Kreuzkuemmel"
"Elcheintopf",100,"g","Dosenmais"
"Elcheintopf",50,"g","Speck"
"Cordon Bleu mit Kartoffeln",1,,"Cordon Bleu TK"
"Cordon Bleu mit Kartoffeln",220,"g","Kartoffeln"
"Cordon Bleu mit Kartoffeln",10,"g","Grundsauce Hell"
"Cordon Bleu mit Kartoffeln",10,"g","Butter"
"Gebackener Camembert",2,,"Camembert"
"Gebackener Camembert",100,"g","Preiselbeeren"
"Schweizer Kaesefondue",500,"g","Gouda"
"Schweizer Kaesefondue",500,"g","Emmentaler"
"Schweizer Kaesefondue","0,7","l","Weissweinverschnitt"
"Schweizer Kaesefondue","0,5",,"Zitrone"
"Schweizer Kaesefondue",10,"g","Muskat"
"Schweizer Kaesefondue",5,"g","Pfeffer"
"Schweizer Kaesefondue",5,"g","Knoblauchpulver"
"Schweizer Kaesefondue",300,"g","Toastbrot"
"Schokoladenfondue",200,"g","Vollmilchschokolade"
"Schokoladenfondue",200,"g","Halbbitterschokolade"
"Schokoladenfondue","0,2","l","Milch"
"Schokoladenfondue",100,"g","Erdbeeren"
"Schokoladenfondue",100,"g","Kirschen"
"Schokoladenfondue",100,"g","Birnen"
"Schokoladenfondue",1,,"Banane"
"Rouladen mit Rotkohl und Kartoffeln",2,,"Rinderroulade"
"Rouladen mit Rotkohl und Kartoffeln",15,"g","Grundsauce Dunkel"
"Rouladen mit Rotkohl und Kartoffeln",150,"g","Rotkohl"
"Rouladen mit Rotkohl und Kartoffeln",200,"g","Kartoffeln"
"Rouladen mit Rotkohl und Kartoffeln",5,"g","Salz"
"Gefuellte Johannisbeeren a la Goldt",150,"g","Johannisbeeren"
"Gefuellte Johannisbeeren a la Goldt",60,"g","Spinat"
"Gefuellte Johannisbeeren a la Goldt",200,"g","Pommes Macaires TK"
"Gefuellte Johannisbeeren a la Goldt",15,"g","Grundsauce Hell"
"Spinat mit Kartoffeln und Ei",200,"g","Spinat"
"Spinat mit Kartoffeln und Ei",200,"g","Kartoffeln"
"Spinat mit Kartoffeln und Ei",1,,"Ei"
"Spinat mit Kartoffeln und Ei",5,"g","Salz"
"Spinat mit Kartoffeln und Ei",5,"g","Pfeffer"
"Penne mit Spinatsauce",125,"g","Penne"
"Penne mit Spinatsauce",150,"g","Sahne"
"Penne mit Spinatsauce","0,1","l","Weissweinverschnitt"
"Penne mit Spinatsauce",5,"g","Salz"
"Penne mit Spinatsauce",5,"g","Pfeffer"
"Penne mit Spinatsauce",5,"g","Knoblauchpulver"
"Penne mit Spinatsauce",20,"g","Emmentaler"
"Penne mit Spinatsauce",20,"g","Mascarpone"
"Spaetzle mit Schinken-Kaese-Sahnesauce",125,"g","Spaetzle"
"Spaetzle mit Schinken-Kaese-Sahnesauce",100,"g","Kochschinken"
"Spaetzle mit Schinken-Kaese-Sahnesauce",100,"g","Sahne"
"Spaetzle mit Schinken-Kaese-Sahnesauce","0,1","l","Weissweinverschnitt"
"Spaetzle mit Schinken-Kaese-Sahnesauce",5,"g","Mononatriumglutamat"
"Spaetzle mit Schinken-Kaese-Sahnesauce",5,"g","Salz"
"Spaetzle mit Schinken-Kaese-Sahnesauce",5,"g","Pfeffer"
"Spaetzle mit Schinken-Kaese-Sahnesauce",5,"g","Chilipulver"
"Spaetzle mit Schinken-Kaese-Sahnesauce",5,"g","Knoblauchpulver"
"Rumpsteak mit Kartoffelecken",300,"g","Rumpsteak"
"Rumpsteak mit Kartoffelecken",200,"g","Kartoffeln"
"Rumpsteak mit Kartoffelecken",5,"g","Salz"
"Rumpsteak mit Kartoffelecken",150,"g","Speiseoel"
"Rumpsteak mit Kartoffelecken",50,"g","Kraeuterbutter"
"Rumpsteak mit Kartoffelecken",5,"g","Pfeffer"
"Tofu-Reispfanne",100,"g","Reis"
"Tofu-Reispfanne",100,"g","Raeuchertofu"
"Tofu-Reispfanne",1,,"Tomaten"
"Tofu-Reispfanne",80,"g","Feta"
"Tofu-Reispfanne","0,2",,"Zwiebel"
"Tofu-Reispfanne",40,"g","Rindersalami"
"Tofu-Reispfanne",5,"g","Salz"
"Tofu-Reispfanne",5,"g","Thymian"
"Tofu-Reispfanne",5,"g","Oregano"
"Kugelfisch-Pfanne",200,"g","Kugelfisch-Muskelfleisch"
"Kugelfisch-Pfanne",100,"g","Reis"
"Kugelfisch-Pfanne",100,"g","Lauch"
"Kugelfisch-Pfanne","0,2",,"Zwiebel"
"Kugelfisch-Pfanne",1,,"Tomaten"
"Kugelfisch-Pfanne","0,3","l","Kokosmilch"
"Kugelfisch-Pfanne",5,"g","Kurkuma"
"Kugelfisch-Pfanne",5,"g","Currypulver"
"Kartoffelsuppe",150,"g","Suppengruen gemischt"
"Kartoffelsuppe",200,"g","Kartoffeln"
"Kartoffelsuppe",100,"g","Sellerie"
"Kartoffelsuppe",20,"g","Liebstoeckel"
"Kartoffelsuppe",5,"g","Salz"
"Kartoffelsuppe",5,"g","Pfeffer"
"Kartoffelsuppe",5,"g","Mononatriumglutamat"
"Nudelauflauf Muelheimer Art",125,"g","Ringli"
"Nudelauflauf Muelheimer Art",90,"g","Rindersalami"
"Nudelauflauf Muelheimer Art",200,"g","Dosenmais"
"Nudelauflauf Muelheimer Art",200,"g","Erbsen"
"Nudelauflauf Muelheimer Art",100,"g","Gouda"
"Nudelauflauf Muelheimer Art",1,,"Ei"
"Nudelauflauf Muelheimer Art",5,"g","Salz"
"Nudelauflauf Muelheimer Art",5,"g","Pfeffer"
"Nudelauflauf Muelheimer Art","0,1",,"Paprika"
"Lachs im Kartoffelmantel",200,"g","Wildlachs"
"Lachs im Kartoffelmantel",100,"g","Kartoffeln"
"Lachs im Kartoffelmantel",15,"g","Dill"
"Lachs im Kartoffelmantel",2,,"Ei"
"Lachs im Kartoffelmantel",15,"g","Schnittlauch"
"Lachs im Kartoffelmantel",50,"g","Butter"
"Lachs im Kartoffelmantel","0,1","l","Weissweinverschnitt"
"Seelachs mit Kartoffel-Knusperkruste",200,"g","Seelachs"
"Seelachs mit Kartoffel-Knusperkruste",100,"g","Kartoffeln"
"Seelachs mit Kartoffel-Knusperkruste",15,"g","Dill"
"Seelachs mit Kartoffel-Knusperkruste",2,,"Ei"
"Seelachs mit Kartoffel-Knusperkruste",15,"g","Schnittlauch"
"Seelachs mit Kartoffel-Knusperkruste",50,"g","Butter"
"Seelachs mit Kartoffel-Knusperkruste","0,1","l","Weissweinverschnitt"
"Seelachs mit Kartoffel-Knusperkruste",15,"g","Semmelbroesel"
"Surf and Turf mit Pommes",200,"g","Pommes Frites TK"
"Surf and Turf mit Pommes",150,"g","Hummer"
"Surf and Turf mit Pommes",150,"g","Schweinesteak"
"Surf and Turf mit Pommes",100,"g","Barbecuesauce"
"Surf and Turf mit Pommes",5,"g","Salz"
"Surf and Turf mit Pommes",5,"g","Pfeffer"
"Frischer Garnelensalat",250,"g","Eiweissrohmasse"
"Frischer Garnelensalat","0,1","l","Lebensmittelfarbe rot"
"Frischer Garnelensalat",5,"g","Garnelenaroma"
"Frischer Garnelensalat","0,1","l","Cocktailsauce"
"Frischer Garnelensalat",50,"g","Kopfsalat"
"Frischer Garnelensalat",1,,"Tomaten"
"Schupfnudel-Broccoli-Pfanne",100,"g","Schupfnudeln"
"Schupfnudel-Broccoli-Pfanne",100,"g","Broccoli"
"Schupfnudel-Broccoli-Pfanne","0,2",,"Camembert"
"Schupfnudel-Broccoli-Pfanne",50,"g","Sonnenblumenkerne"
"Schupfnudel-Broccoli-Pfanne",100,"g","Sahne"
"Schupfnudel-Broccoli-Pfanne",5,"g","Salz"
"Schupfnudel-Broccoli-Pfanne",5,"g","Pfeffer"
"Weightwatchers-Powerpfanne",100,"g","Dinkelschrot"
"Weightwatchers-Powerpfanne",50,"g","Sesam"
"Weightwatchers-Powerpfanne",100,"g","Karotten"
"Weightwatchers-Powerpfanne",1,"g","Pflanzenoel"
"Weightwatchers-Powerpfanne",3,"g","Salz"
"Weightwatchers-Powerpfanne",3,"g","Pfeffer"
"Weightwatchers-Powerpfanne",100,"g","Magerquark"
"Penne mit Pesto Rosso",125,"g","Penne"
"Penne mit Pesto Rosso",50,"g","Pesto Rosso"
"Penne mit Pesto Rosso",10,"g","Parmesan"
"Penne mit Trueffel-Pilz-Pesto",125,"g","Penne"
"Penne mit Trueffel-Pilz-Pesto",50,"g","Pesto Trueffel-Pilz"
"Penne mit Trueffel-Pilz-Pesto",10,"g","Parmesan"
"Penne mit Pesto Verde",125,"g","Penne"
"Penne mit Pesto Verde",50,"g","Pesto Verde"
"Penne mit Pesto Verde",10,"g","Parmesan"
"Spaghetti Bolognese",125,"g","Spaghetti"
"Spaghetti Bolognese",80,"g","Hackfleisch halb und halb"
"Spaghetti Bolognese",100,"g","Passierte Tomaten"
"Spaghetti Bolognese","0,1","l","Rotwein"
"Spaghetti Bolognese",5,"g","Oregano"
"Spaghetti Bolognese",5,"g","Thymian"
"Spaghetti Bolognese",5,"g","Basilikum"
"Spaghetti Bolognese",10,"g","Parmesan"
"Toast Hawaii",150,"g","Toastbrot"
"Toast Hawaii",100,"g","Kochschinken"
"Toast Hawaii",180,"g","Dosenananas"
"Toast Hawaii",100,"g","Scheiblettenkaese"
"Toast Italiano",150,"g","Toastbrot"
"Toast Italiano",100,"g","Salami"
"Toast Italiano",1,,"Tomaten"
"Toast Italiano","0,3",,"Zwiebel"
"Toast Italiano",5,"g","Oregano"
"Toast Italiano",5,"g","Thymian"
"Toast Italiano",100,"g","Scheiblettenkaese"
"Bunte Gemuesepfanne",50,"g","MensaFix fuer braune Pampe"
"Bunte Gemuesepfanne",100,"g","Zucchini"
"Bunte Gemuesepfanne",1,,"Paprika"
"Bunte Gemuesepfanne",1,,"Zwiebel"
"Bunte Gemuesepfanne",100,"g","Kartoffeln"
"Bunte Gemuesepfanne",10,"g","Mononatriumglutamat"
"Bunte Gemuesepfanne",5,"g","Salz"
"Bunte Gemuesepfanne",5,"g","Pfeffer"
"Bunte Gemuesepfanne",18,"g","Pflanzenoel"
"Nudelsuppe",50,"g","Gemuesebruehe"
"Nudelsuppe",100,"g","Ringli"
"Nudelsuppe",50,"g","Erbsen"
"Nudelsuppe",50,"g","Karotten"
"Nudelsuppe",50,"g","Butter"
"Nudelsuppe",10,"g","Petersilie"
"Nudelsuppe",10,"g","Schnittlauch"
"Nudelsuppe",50,"g","Toastbrot"
"Schweinefilet mit gruenem Pfeffer und Reis",200,"g","Schweinefilet"
"Schweinefilet mit gruenem Pfeffer und Reis",100,"g","Reis"
"Schweinefilet mit gruenem Pfeffer und Reis",5,"g","Salz"
"Schweinefilet mit gruenem Pfeffer und Reis",10,"g","Eingelegter gruener Pfeffer"
"Schweinefilet mit gruenem Pfeffer und Reis",50,"g","Creme Fraiche mit Kraeutern"
"Schweinefilet mit gruenem Pfeffer und Reis","0,1","l","Sherry"
"Schweinefilet mit gruenem Pfeffer und Reis",5,"g","Zucker"
"Schweinefilet mit gruenem Pfeffer und Reis",5,"g","Rosmarin"
"Kuerbiseintopf",125,"g","Kartoffeln"
"Kuerbiseintopf",200,"g","Hokkaido-Kuerbis"
"Kuerbiseintopf",5,"g","Knoblauchpulver"
"Kuerbiseintopf","0,25",,"Zwiebel"
"Kuerbiseintopf",1,,"Tomaten"
"Kuerbiseintopf",20,"g","Pflanzenoel"
"Kuerbiseintopf","0,1","g","Safran"
"Kuerbiseintopf",20,"g","Gemuesebruehe"
"Kuerbiseintopf",5,"g","Chilipulver"
"Kuerbiseintopf",10,"g","Schnittlauch"
"Kuerbiseintopf",50,"g","Sahne"
"Safransuppe mit Straussenfilet",100,"g","Safran"
"Safransuppe mit Straussenfilet",150,"g","Straussenfilet"
"Safransuppe mit Straussenfilet",20,"g","Gemuesebruehe"
"Safransuppe mit Straussenfilet",5,"g","Salz"
"Safransuppe mit Straussenfilet",5,"g","Pfeffer"
"Safransuppe mit Straussenfilet",2,"g","Zucker"
"Safransuppe mit Straussenfilet",1,,"Tomaten"
"Safransuppe mit Straussenfilet",50,"g","Butter"
"Safransuppe mit Straussenfilet",10,"g","Mehl"
"Gemuesecurry",125,"g","Kohl"
"Gemuesecurry",70,"g","Karotten"
"Gemuesecurry",50,"g","Dosenananas"
"Gemuesecurry",5,"g","Knoblauchpulver"
"Gemuesecurry",5,"g","Ingwer"
"Gemuesecurry",5,"g","Pfeffer"
"Gemuesecurry",50,"g","Pflanzenoel"
"Gemuesecurry",5,"g","Kurkuma"
"Gemuesecurry",5,"g","Kreuzkuemmel"
"Gemuesecurry",50,"g","Gemuesebruehe"
"Gemuesecurry",5,"g","Petersilie"
"Gemuesecurry",5,"g","Chilipulver"
"Bulgur a la Gourmand",4,,"Tomaten"
"Bulgur a la Gourmand",1,,"Zwiebel"
"Bulgur a la Gourmand",50,"g","Gemuesebruehe"
"Bulgur a la Gourmand",5,"g","Oregano"
"Bulgur a la Gourmand",5,"g","Basilikum"
"Bulgur a la Gourmand",50,"g","Creme Fraiche mit Kraeutern"
"Bulgur a la Gourmand",50,"g","Bulgur"
"Rustikales Landhaussteak",200,"g","Schweinesteak"
"Rustikales Landhaussteak",50,"g","Dosenchampignons 3. Wahl"
"Rustikales Landhaussteak",10,"g","Grundsauce Dunkel"
"Rustikales Landhaussteak",200,"g","Kartoffeln"
"Rustikales Landhaussteak",5,"g","Salz"
"Rustikales Landhaussteak",5,"g","Pfeffer"
"Rustikales Landhaussteak","0,1","l","Lebensmittelfarbe rot"
"Rustikales Landhaussteak",5,"g","Mononatriumglutamat"
"Schweinesteak Essener Art",200,"g","Schweinesteak"
"Schweinesteak Essener Art",50,"g","Dosenchampignons 3. Wahl"
"Schweinesteak Essener Art",10,"g","Grundsauce Dunkel"
"Schweinesteak Essener Art",200,"g","Kartoffeln"
"Schweinesteak Essener Art",5,"g","Salz"
"Schweinesteak Essener Art",5,"g","Pfeffer"
"Schweinesteak Essener Art","0,1","l","Lebensmittelfarbe rot"
"Schweinesteak Essener Art",5,"g","Mononatriumglutamat"
"Hausgemachtes Schmalzbrot",300,"g","Toastbrot"
"Hausgemachtes Schmalzbrot",50,"g","Schmalz"
"Hausgemachtes Schmalzbrot",5,"g","Salz"
"Walpfanne Japanische Art",200,"g","Walfilet"
"Walpfanne Japanische Art",50,"g","Sojasauce"
"Walpfanne Japanische Art",100,"g","Sojasprossen"
"Walpfanne Japanische Art",5,"g","Salz"
"Walpfanne Japanische Art",10,"g","Mononatriumglutamat"
"Walpfanne Japanische Art",5,"g","Pfeffer"
"Walpfanne Japanische Art",5,"g","Currypulver"
"Walpfanne Japanische Art",80,"g","Basmatireis"
"Pilzravioli mit Sauce Hollandaise",150,"g","Pilzravioli Convenience"
"Pilzravioli mit Sauce Hollandaise",100,"g","Hollandaise"
"Pilzravioli mit Sauce Hollandaise",2,"g","Petersilie"
"Spargelravioli mit Sauce Hollandaise",150,"g","Spargelravioli Convenience"
"Spargelravioli mit Sauce Hollandaise",100,"g","Hollandaise"
"Spargelravioli mit Sauce Hollandaise",2,"g","Petersilie"
"Huehner-Nudel-Auflauf",75,"g","Ringli"
"Huehner-Nudel-Auflauf",1,,"Tomaten"
"Huehner-Nudel-Auflauf",100,"g","Broccoli"
"Huehner-Nudel-Auflauf",5,"g","Knoblauchpulver"
"Huehner-Nudel-Auflauf",100,"g","Haehnchenbrustfilet"
"Huehner-Nudel-Auflauf",10,"g","Butter"
"Huehner-Nudel-Auflauf",5,"g","Salz"
"Huehner-Nudel-Auflauf",5,"g","Pfeffer"
"Huehner-Nudel-Auflauf",1,,"Ei"
"Huehner-Nudel-Auflauf","0,2","l","Milch"
"Huehner-Nudel-Auflauf",10,"g","Parmesan"
"Huehner-Nudel-Auflauf",20,"g","Gouda"
"Spinat-Cannelloni",125,"g","Cannelloni"
"Spinat-Cannelloni",200,"g","Spinat"
"Spinat-Cannelloni",5,"g","Salz"
"Spinat-Cannelloni",70,"g","Speck"
"Spinat-Cannelloni","0,25",,"Zwiebel"
"Spinat-Cannelloni",5,"g","Butter"
"Spinat-Cannelloni",20,"g","Creme Fraiche mit Kraeutern"
"Spinat-Cannelloni",5,"g","Muskat"
"Spinat-Cannelloni",5,"g","Mononatriumglutamat"
"Spinat-Cannelloni",120,"g","Gouda"
"Paella",100,"g","Haehnchenbrustfilet"
"Paella",5,"g","Salz"
"Paella",5,"g","Pfeffer"
"Paella",1,"g","Safran"
"Paella",100,"g","Muscheln"
"Paella",5,"g","Garnelenaroma"
"Paella",1,,"Paprika"
"Paella",1,,"Tomaten"
"Paella",50,"g","Spanische Wurst"
"Paella","0,5",,"Zwiebel"
"Paella",5,"g","Knoblauchpulver"
"Paella",10,"g","Karotten"
"Paella",15,"g","Pflanzenoel"
"Paella",70,"g","Rundkornreis"
"Forelle Muellerin Art",250,"g","Forelle"
"Forelle Muellerin Art","0,2",,"Zitrone"
"Forelle Muellerin Art",5,"g","Salz"
"Forelle Muellerin Art",5,"g","Pfeffer"
"Forelle Muellerin Art",50,"g","Mehl"
"Forelle Muellerin Art",10,"g","Butter"
"Forelle Muellerin Art",5,"g","Petersilie"
"Fischsuppe",20,"g","Gemuesebruehe"
"Fischsuppe",50,"g","Sojasauce"
"Fischsuppe",30,"g","Karotten"
"Fischsuppe",50,"g","Erbsen"
"Fischsuppe",100,"g","Pangasius"
"Fischsuppe",100,"g","Wildlachs"
"Fischsuppe",5,"g","Salz"
"Fischsuppe",5,"g","Pfeffer"
"Fischsuppe",5,"g","Liebstoeckel"
"Fischsuppe",5,"g","Chilipulver"
"Lachs Suess-Sauer",200,"g","Wildlachs"
"Lachs Suess-Sauer",5,"g","Salz"
"Lachs Suess-Sauer",5,"g","Pfeffer"
"Lachs Suess-Sauer",1,,"Tomaten"
"Lachs Suess-Sauer",100,"g","Karotten"
"Lachs Suess-Sauer","0,5",,"Paprika"
"Lachs Suess-Sauer",50,"g","Essig"
"Lachs Suess-Sauer",50,"g","Ketchup"
"Lachs Suess-Sauer",10,"g","Mehl"
"Lachs Suess-Sauer","0,5",,"Zwiebel"
"Lachs Suess-Sauer",5,"g","Knoblauchpulver"
"Lachs Suess-Sauer",5,"g","Zucker"
"Lachs Suess-Sauer",5,"g","Ingwer"
"Schweinefilet Avantgarde",200,"g","Schweinefilet"
"Schweinefilet Avantgarde",5,"g","Salz"
"Schweinefilet Avantgarde",5,"g","Chilipulver"
"Schweinefilet Avantgarde",5,"g","Pfeffer"
"Schweinefilet Avantgarde",100,"g","Halbbitterschokolade"
"Schweinefilet Avantgarde",100,"g","Dosenananas"
"Koenigsberger Klopse",125,"g","Hackfleisch halb und halb"
"Koenigsberger Klopse",100,"g","Toastbrot"
"Koenigsberger Klopse","0,2",,"Ei"
"Koenigsberger Klopse",5,"g","Salz"
"Koenigsberger Klopse",20,"g","Butter"
"Koenigsberger Klopse","0,1",,"Zwiebel"
"Koenigsberger Klopse",1,,"Lorbeerblatt"
"Huehnerfrikassee",250,"g","Haehnchenbrustfilet"
"Huehnerfrikassee","0,25",,"Zwiebel"
"Huehnerfrikassee",50,"g","Suppengruen gemischt"
"Huehnerfrikassee",5,"g","Petersilie"
"Huehnerfrikassee",1,,"Lorbeerblatt"
"Huehnerfrikassee",5,"g","Salz"
"Huehnerfrikassee",50,"g","Dosenchampignons 3. Wahl"
"Huehnerfrikassee",10,"g","Butter"
"Huehnerfrikassee",50,"g","Erbsen"
"Huehnerfrikassee","0,1","l","Weissweinverschnitt"
"Bohneneintopf Mexiko",100,"g","Kidneybohnen"
"Bohneneintopf Mexiko",10,"g","Chilipulver"
"Bohneneintopf Mexiko",50,"g","Sellerie"
"Bohneneintopf Mexiko",50,"g","Kartoffeln"
"Bohneneintopf Mexiko",20,"g","Gemuesebruehe"
"Bohneneintopf Mexiko","0,3",,"Paprika"
"Bohneneintopf Mexiko",5,"g","Chilipulver"
"Bohneneintopf Mexiko",5,"g","Currypulver"
"Bohneneintopf Mexiko",5,"g","Kreuzkuemmel"
"Spaghetti Carbonara",125,"g","Spaghetti"
"Spaghetti Carbonara",20,"g","Speck"
"Spaghetti Carbonara",50,"g","Pflanzenoel"
"Spaghetti Carbonara",5,"g","Salz"
"Spaghetti Carbonara",1,,"Ei"
"Spaghetti Carbonara",50,"g","Sahne"
"Spaghetti Carbonara",20,"g","Parmesan"
"Spaghetti Carbonara",5,"g","Knoblauchpulver"
"Spaghetti Aglio e Olio",150,"g","Spaghetti"
"Spaghetti Aglio e Olio",10,"g","Knoblauchpulver"
"Spaghetti Aglio e Olio",70,"g","Olivenoel"
"Spaghetti Aglio e Olio",5,"g","Salz"
"Spaghetti Aglio e Olio",5,"g","Pfeffer"
"Halbes Schwein auf Toast",800,"g","Schweinefilet"
"Halbes Schwein auf Toast",200,"g","Schweinesteak"
"Halbes Schwein auf Toast",400,"g","Schweinebauch"
"Halbes Schwein auf Toast",100,"g","Gouda"
"Halbes Schwein auf Toast",200,"g","Toastbrot"
"Halbes Schwein auf Toast",5,"g","Petersilie"
"Halbes Schwein auf Toast","0,2","l","Magenbitter"
"Tofu in Salbeisauce mit Reis",200,"g","Raeuchertofu"
"Tofu in Salbeisauce mit Reis",100,"g","Sahne"
"Tofu in Salbeisauce mit Reis",5,"g","Salz"
"Tofu in Salbeisauce mit Reis",5,"g","Pfeffer"
"Tofu in Salbeisauce mit Reis",10,"g","Salbei"
"Tofu in Salbeisauce mit Reis",100,"g","Basmatireis"
"Haehnchenbrust in Salbeisauce m. Reis",200,"g","Haehnchenbrustfilet"
"Haehnchenbrust in Salbeisauce m. Reis",100,"g","Sahne"
"Haehnchenbrust in Salbeisauce m. Reis",5,"g","Salz"
"Haehnchenbrust in Salbeisauce m. Reis",5,"g","Pfeffer"
"Haehnchenbrust in Salbeisauce m. Reis",10,"g","Salbei"
"Haehnchenbrust in Salbeisauce m. Reis",100,"g","Basmatireis"
"Frittierte Mozzarellakugeln in Gorgonzolasauce",150,"g","Mozzarellakugeln"
"Frittierte Mozzarellakugeln in Gorgonzolasauce",200,"g","Pflanzenoel"
"Frittierte Mozzarellakugeln in Gorgonzolasauce",10,"g","Salz"
"Frittierte Mozzarellakugeln in Gorgonzolasauce",100,"g","Sahne"
"Frittierte Mozzarellakugeln in Gorgonzolasauce",100,"g","Gorgonzola"
"Frittierte Mozzarellakugeln in Gorgonzolasauce",5,"g","Mononatriumglutamat"
"Gnocchi mit Tomatensauce",200,"g","Gnocchi"
"Gnocchi mit Tomatensauce",200,"g","Passierte Tomaten"
"Gnocchi mit Tomatensauce",5,"g","Salz"
"Gnocchi mit Tomatensauce",5,"g","Pfeffer"
"Gnocchi mit Tomatensauce",5,"g","Oregano"
"Kartoffelgulasch",120,"g","Schweinebauch"
"Kartoffelgulasch",5,"g","Kuemmel"
"Kartoffelgulasch",5,"g","Knoblauchpulver"
"Kartoffelgulasch","0,5",,"Paprika"
"Kartoffelgulasch",200,"g","Kartoffeln"
"Kartoffelgulasch","0,5",,"Zwiebel"
"Kartoffelgulasch",10,"g","Schmalz"
"Kartoffelgulasch",10,"g","Essig"
"Kartoffelgulasch",20,"g","Gemuesebruehe"
"Kartoffelgulasch",100,"g","Passierte Tomaten"
"Kartoffelgulasch",5,"g","Schnittlauch"
"Kartoffelgulasch",5,"g","Petersilie"
"Moussaka",180,"g","Auberginen"
"Moussaka",5,"g","Salz"
"Moussaka",20,"g","Pflanzenoel"
"Moussaka",100,"g","Hackfleisch halb und halb"
"Moussaka",1,,"Lorbeerblatt"
"Moussaka",1,,"Tomaten"
"Moussaka",50,"g","Mehl"
"Moussaka","0,5",,"Ei"
"Moussaka",50,"g","Joghurt"
"Moussaka",5,"g","Muskat"
"Moussaka",40,"g","Gouda"
"Raclette",220,"g","Kartoffeln"
"Raclette",5,"g","Salz"
"Raclette",5,"g","Pfeffer"
"Raclette",220,"g","Raclettekaese"
"Ringli Aglio e Olio",150,"g","Ringli"
"Ringli Aglio e Olio",10,"g","Knoblauchpulver"
"Ringli Aglio e Olio",70,"g","Olivenoel"
"Ringli Aglio e Olio",5,"g","Salz"
"Ringli Aglio e Olio",5,"g","Pfeffer"
"Penne Aglio e Olio",150,"g","Penne"
"Penne Aglio e Olio",10,"g","Knoblauchpulver"
"Penne Aglio e Olio",70,"g","Olivenoel"
"Penne Aglio e Olio",5,"g","Salz"
"Penne Aglio e Olio",5,"g","Pfeffer"
"Poekelfleisch mit Reis",150,"g","Schweinesteak"
"Poekelfleisch mit Reis",300,"g","Salz"
"Poekelfleisch mit Reis",50,"g","Grundsauce Hell"
"Poekelfleisch mit Reis",100,"g","Reis"
